STT, HoTen, Ngay Sinh, Que Quan
8,  hoang van ddddd,  1970-11-19,  Hai Phong
12,  Huynh thi Eeee,  1986-10-23,  Dong Nai
17,  Nguyen thi bbbb,  1983-10-24,  Da Nang
19,  truong van hhhh,  1982-12-19,  Hue
20,  Le Thi Bbbb,  1977-11-15,  Hai Phong
22,  Nguyen thi bbbb,  1974-11-15,  Nha Trang
23,  Huynh thi Eeee,  1994-11-22,  Hue
32,  truong van hhhh,  1993-10-23,  Hai Phong
38,  Le Thi Bbbb,  1971-12-11,  Nha Trang
46,  tran van Cccc,  1983-11-22,  Sai Gon
54,  Huynh thi Eeee,  1992-11-23,  Hue
60,  Nguyen thi bbbb,  1994-10-28,  Nha Trang
72,  tran van Cccc,  1990-12-13,  Dong Nai
74,  truong van hhhh,  1976-10-12,  Vung Tau
76,  tran van Cccc,  1979-10-11,  Quang Ninh
84,  tran van Cccc,  1981-10-17,  Hue
86,  hoang van ddddd,  1989-12-13,  Ha Noi
91,  Nguyen Van Aaa,  1977-12-21,  Dong Nai
93,  tran van Cccc,  1985-12-17,  Nha Trang
99,  truong van hhhh,  1992-10-17,  Ha Noi
